Program Name,Category,Duration,Docs Count,Workout Days,Total Exercises,Nutrition Plans,Total Meals,SHA-256 Hashes
"6 Week Shredded","Fat Loss","12 Weeks (6 Weeks x 2 Cycles)",1,13,154,1,20,"e1109a583522786619beb4def1aa80b5ef53571abc03c1aea26abbc25fbdf311"
"Gainer & Pure Mass","Muscle Building","8 Weeks",2,7,16,1,7,"961f03acb1ea31a5a7ad32fb28f349c4cb1f5fbef57932d39587876ed9316350;4505ac9e99246919c4003653723363cca2c3bcf616e18109f1342376f3a74315"
"Mass-Up","Muscle Building","8 Weeks",1,0,0,1,14,"4035b74d73cb0ae98b5967c4333de9efd55179e5079dd8806a7d480fa9d54a72"
"Size 8","Muscle Building","8 Weeks",2,0,0,1,20,"359e8d42ecb64ce5b013a8967dbab93bb8dc926dd310cbce063bd4f01ec09cf9;e4c1418f41814b01a06d25969776c1a747ed8acec63d3dae73c81ed0911dd794"
"Bulk Up","Muscle Building","8 Weeks",1,6,81,1,14,"2333429a5d1b94b015b252903f8725521df42f349d6dafbeb1c48c622561deb2"
"Mass XL","Muscle Building","8 Weeks",2,0,0,1,9,"99d5d2a38f126e0178c668d709305a3460dba0c6769948db3c96ae10680d8a00;65cab3009d9363e8f3130b0db43eb0d5c81be3b45561ee0f3403572c7bafe846"
"Desi Diet","Muscle Building","8 Weeks",1,0,0,1,5,"16e2a4c92781ae4a50924a3a4826bd28e05c5c522ddcb7c614ced3163f65318a"
"Barbell 55","Muscle Building","6 Weeks",2,0,0,1,7,"112cc0fe77d32b974cd432374f56e44b651cbb59797224b95de2c7ea83ee06c3;0d0cd65905d8b0c29654c74d284055f19e0746055ebd1f90e43dcb109061900e"
"Clean Muscle Gain","Muscle Building","8 Weeks",1,0,0,1,13,"c998920d88d2f3be47fdfdd8cd8f445d9a01f59cf020ad3231671d147ca21935"
"Muscle Size 5x5","Muscle Building","8 Weeks",2,5,25,1,6,"fdb1674f3d956c8c1bdfc35c9fc3bbf223d1272b07e31a13b09328aa25e913e7;11657caef6970603d74adc8aac1e119142ea2c5455677d47338bdc32547be23e"
"Gains with Guru Mann","Muscle Building","6 Weeks",1,5,82,0,0,"c0a630f3bb3d8b2d445dd927ac746db782da47e2ca3932874411e5c16a58153c"
"Lean Mode","Muscle Building","8 Weeks",2,6,32,1,25,"345b4fcf6211df166101f79d32ce7ca1971fe711c76c1bcc07e13526658b89b9;a2b80838092dcf03b725eeac4c4fbffed994e733d873a9a161d2a214a9b925f3"
"Strength Mode","Muscle Building","6 Weeks",2,4,24,1,6,"2be2e78d83172906b55ce87e69c7d8d96e5c54d8b80edc6a7a141c4183f8710b;40d4587debce2c6c55dde893a1492c5e4a8048dc7411000cb93bb2fcbe5d21f6"
"Muscular 8","Fat Loss","8 Weeks",2,1,43,1,12,"9587c9c7c25d1417e8baed931b93063b61701d5736f77792df0262e404ef4ceb;865d21b81f019b3dcf085c1e120d5b5fc760d6bc71fcbe2bad3ae6cd787ba976"
"Muscle Mode","Fat Loss","8 Weeks",2,0,0,1,24,"b6ba187a3f79d3b14501eaef2332a77957f765ef966c6ae1455b3992ffed4ca4;4f37f4d080147d4d2f5ffaca5f9bd9b355260ea6c4c6633518394b8d60e8a74a"
"Muscle Mann","Fat Loss","8 Weeks",2,0,0,1,15,"485f7ef344e2e06eb67b600e44774b63b1415eefca23a40d7c2670d9ec102433;f95055adb5dded5a15a2750cc94bc3b15a84338d7d8dbe51845ea7de64710d91"
"Sharp","Fat Loss","6 Weeks",2,6,121,2,12,"12028a9c3c0180e42d3539da2745942487b762ff7e9e2f4bdef403a6eb93a649;161c65d05e3dfaef664d35ef91c5ee79d09ed73a23698ad7976d70e13c3b40d5"
"Shred-X","Fat Loss","6 Weeks",2,0,0,1,6,"14261c7eaf162e5288f0c6201e8e4f57a25306cb21d4d9b47d872da4485cfc33;5e0138531bdfc5fdc7cec89519a3524236f386eba28d4ad3693261c5ad16be8e"
"Shredded Next Level","Fat Loss","8 Weeks",2,9,130,1,25,"f25f220e904c775aaed4e8241104c68679c6b5ffba63fac9305018f768463c71;6754a7d3571d3157a5781fe9b8eb5e0454a45be15c49c8aa2bd9f6d04c408bf1"
"Get Ripped","Fat Loss","6 Weeks",2,6,38,1,2,"f9f3b675811154fbafe2a604a689d00de3975dcc00b1f3974beae37b35121afd;da4e3b7e08ba18ad64e952b27ed72885c31a2e7abb6c9c29ea3d1252e6512c61"
"Ultimate Arms","Single Muscle Specialization","4 Weeks",1,4,18,0,0,"a806ba397851ccf8c371d886dd2d28f12bce029d2fa793aa9703fb1d85ea15ff"
"Ultimate Chest","Single Muscle Specialization","4 Weeks",2,4,46,1,9,"83ab3a7282e135f15abce1d5d0db81d1f793d8523e89ce4f7e2d6916d0ea3261;fa3f3833056142a5cabf37ffc448f3c79dab5098d06660a1ebced93404f1c598"
"Ultimate Workout & Nutrition","Single Muscle Specialization","6 Weeks",1,0,0,1,13,"451eb9551029a4f9ce052a557b796f41031a61c1a0ef0e6ad9a57f2c993b5cad"
"17 Inches Arms","Single Muscle Specialization","6 Weeks",2,4,62,1,9,"a3487947a0db993a9bbdb14db30b657f274dd41527a558fd0467ef490c101f56;34f86a6badac7aca6aaed8b0cf44247f9489b868de013c73ab69cb260ae51158"
"T-30 Bodyweight","Body Weight & Home Workouts","30 Days",3,0,0,2,50,"86c9b3014f4701c6f863301e8f892008e9ae0f62b7c1dde3c8d21942b3c23bb6;4bfa6f140c869834619c107593361e0b5c83f8fee9af64bfc84dbda230ced126;0361c9aaf3950ca065d96597eff17532f4ed2dda89973ec1c325929c68d99beb"
"Home Gains","Body Weight & Home Workouts","6 Weeks",2,2,35,1,14,"46b3c0f5d085abe2c9872f1356488e5005db308abcca19e7e93de5c74d71aff5;7d85f10e9739b93b1efd8afe38229380fda2e35bf579bdd67718b413b30cf760"
"Obese 60","Body Weight & Home Workouts","60 Days",2,0,0,1,1,"7b0af9408705b0a7b557e46fb6dcc56880e2988e8bdfba32a162d2d81a79395d;ac33aa0ea77707bbe8ff80a4ecba44cf9f4292b34ed16adffe499eb2c915afbf"
"Weight Loss X Blueprint","Body Weight & Home Workouts","8 Weeks",1,0,0,1,1,"1b195ca511f1741d317dfd61c546b4e60456c90f2d7294f4343b2bcfa5d5c6ca"
"Fit Zone Protocol","Body Weight & Home Workouts","6 Weeks",2,0,0,2,50,"68ddba5fa8142486fbeda12fd8e586550dbee249a86abcf74ac2283db4a4da5a;bc935b8ab6880f1bacf430fc8b0e52d026e423a1884b7e12c3fa7978fe8554bc"
"Cholesterol Diet Protocol","Medical Condition Diets","8 Weeks",1,0,0,1,5,"389ed14b1451527821be6075fe8ccd24f70f1de47a8aa97451347bbd06b0b651"
"Control Diabetes Protocol","Medical Condition Diets","8 Weeks",1,0,0,1,6,"8ca4c97d5472d89e858be11ef4e23996a6092e8861dd717f23ff53c04c9b3896"
"High Blood Pressure Diet Protocol","Medical Condition Diets","8 Weeks",1,0,0,1,5,"5b727b3a01854431cb43dca0466426d491d0be2d257bc7aa84c1a2d835b2a292"
"Drug Rehab Nutrition","Medical Condition Diets","12 Weeks",1,18,54,1,6,"18f2a398d1eadf3025a8424564409b70df9a095b12970720fb80b3c2e76a0a7b"
"Fight Cancer Nutrition Support","Medical Condition Diets","12 Weeks",1,0,0,1,6,"ade14f8fe1250c5c70ae72b78dd4ba4729af35aa9125d6c5735a5be8eaa26dd2"
"Thyroid Diet Protocol","Medical Condition Diets","8 Weeks",1,0,0,1,6,"da847c7a6d2d5b9b82a48c27796de333f96342c8eface3598372a997ec5b3807"
"Kids Nutrition & Growth Diet","Kids & Family Nutrition","Ongoing",1,0,0,1,5,"362fac696f55358a9b51fe0ebe4e4d3ff011bc394f24f9725a0d2561e0404507"
"Baby & Toddler Nutrition","Kids & Family Nutrition","Ongoing",1,14,205,0,0,"8843ce14c12ebc3ca7e82fcecf2c4dca117bcd855bba86c679c01d5eb7bce59c"
"Diet 40: Longevity Over 40","Kids & Family Nutrition","8 Weeks",1,0,0,1,5,"369eef212bc78380679dacb7623b65a333f69b5c1721d9e6aa47db6832971801"
"PCOS / PCOD Nutrition Plan","Specialized Nutrition Protocols","8 Weeks",1,0,0,0,0,"08c517dfaa4cb7a85968078ce5765aada3acbb8181132d20fbd28da0a32de64a"
"Keto Diet Protocol","Specialized Nutrition Protocols","6 Weeks",1,0,0,1,7,"6f840c2b0c440d3764b463925fc268543bba2cdf332599c156c846c0795cb15e"
"Diet For Eyes","Specialized Nutrition Protocols","4 Weeks",1,0,0,1,6,"dc33704458f0c3ebf1ad885bb51ebc1eccc214a2681cc81e22c742d192c17194"
"Liver Health Diet","Specialized Nutrition Protocols","6 Weeks",1,0,0,1,1,"511f67b9ae13a4378beb42a1415a48da648e0eaec44ffeaf455a0173b7004e12"
"Height Growth Diet Protocol","Specialized Nutrition Protocols","12 Weeks",1,0,0,1,6,"739a16a09c027395e2e53699da3fb38b3da5f0e1c0be7b53f61e5bc5b3b13126"
"Pregnancy & Post-Natal Diet","Specialized Nutrition Protocols","Ongoing",1,0,0,0,0,"afd5e3b08ef72abd5bb90853984670f8be927cbd38e6c41d4a9dad7333f962a7"
"Job Shift & Night Shift Meal Plan","Specialized Nutrition Protocols","Ongoing",1,0,0,1,53,"175084fd2ae885420f52a7d210ffedb7a9a3e516dc1237843d5c9436b0c7e0e3"
"Diet for Competitive Bodybuilder","Specialized Nutrition Protocols","12 Weeks",1,0,0,1,26,"9f4f22c2f0db9807a104630c3861925e4f2f75b492cd4c52f52300b8d9dbdca7"
"Monthly Budget 5000 Diet Plan","Specialized Nutrition Protocols","8 Weeks",1,0,0,1,7,"77edec4a54b3d878ea634b78a63edf8e882f4bce40e2815ff0d7e7060691b1a1"
"Ramadan Fasting Diet Protocol","Specialized Nutrition Protocols","4 Weeks",1,0,0,1,4,"0e95af8ac19b7c05191f462f1860ec06a29558f89a1d884d50003c4b624a0314"
"Carb Cycling Blueprint","Specialized Nutrition Protocols","6 Weeks",1,0,0,0,0,"b36538a185d75f3aa1400fd60de54be1f3e9f5e6171fc6b584eacb6ef7d577d3"
"Peak Week Contest Prep Diet","Specialized Nutrition Protocols","7 Days",1,10,33,1,2,"56274333f4fc6c0c6fc1d221690f7dab3c6b4a4cadd1082558a97ab81529a7b9"
"Navratri Vegetarian Fasting Diet","Specialized Nutrition Protocols","9 Days",1,0,0,1,6,"e68281dd52b99c525482a06661aa8d1f44a29d9149de8dd2d075a28d3844b16c"
"3300 Calories Clean Bulk Diet","Specialized Nutrition Protocols","8 Weeks",1,0,0,1,5,"160224de54037347206731598cff1bb515f166bb6b6c1e0fb95dd32a48f0ac83"